<?xml version="1.0"?>

<config xmlns:xsi="http://www.w3.org/2001/XMLSchema-instance" xsi:noNamespaceSchemaLocation="urn:magento:framework:Backend/etc/system_file.xsd">
    <system>
        <section id="iwd_opc" translate="label" sortOrder="1" showInDefault="1" showInWebsite="1" showInStore="1">
            <label>Checkout Suite</label>
            <tab>iwd</tab>
            <resource>IWD_Opc::system_config</resource>

            <group id="info" translate="label" type="text" sortOrder="1" showInDefault="1" showInWebsite="1" showInStore="1">
                <label>Info</label>
                <field id="version" translate="label" type="text" sortOrder="1" showInDefault="1" showInWebsite="0" showInStore="0">
                    <label>Version</label>
                    <frontend_model>IWD\Opc\Block\Adminhtml\System\Config\Version</frontend_model>
                </field>
                <field id="documentation" translate="label" type="text" sortOrder="2" showInDefault="1" showInWebsite="0" showInStore="0">
                    <label>Documentation</label>
                    <frontend_model>IWD\Opc\Block\Adminhtml\System\Config\Documentation</frontend_model>
                </field>
            </group>

            <group id="general" translate="label" type="text" sortOrder="10" showInDefault="1" showInWebsite="1" showInStore="1">
                <label>General Settings</label>
                <field id="enable_in_frontend" translate="label" type="select" sortOrder="5" showInDefault="1" showInWebsite="1" showInStore="1">
                    <label>Enable</label>
                    <source_model>Magento\Config\Model\Config\Source\Yesno</source_model>
                </field>
                <field id="opc_title" translate="label" type="text" sortOrder="6" showInDefault="1" showInWebsite="1" showInStore="1">
                    <label>Meta Title</label>
                </field>

                <field id="opc_discount_enable" translate="label" type="select" sortOrder="7" showInDefault="1" showInWebsite="1" showInStore="1">
                    <label>Display Discount Field</label>
                    <source_model>Magento\Config\Model\Config\Source\Yesno</source_model>
                </field>

                <field id="onepage_checkout_comments_enabled" translate="label" type="select" sortOrder="99" showInDefault="1" showInWebsite="1" showInStore="1">
                    <label>Enable Order Comments?</label>
                    <source_model>Magento\Config\Model\Config\Source\Yesno</source_model>
                </field>
            </group>
            <group id="storecredit" translate="label" showInDefault="1" showInWebsite="1" showInStore="20" sortOrder="80">
                <label>Store Credit Options</label>
                <field id="is_enabled" translate="label" type="select" sortOrder="5" showInDefault="1" showInWebsite="0" showInStore="0">
                    <label>Enable Store Credit Functionality</label>
                    <source_model>Magento\Config\Model\Config\Source\Yesno</source_model>
                    <backend_model>Magento\Config\Model\Config\Backend\Cache</backend_model>
                </field>
                <field id="show_history" translate="label" type="select" sortOrder="10" showInDefault="1" showInWebsite="1" showInStore="0">
                    <label>Show Store Credit History to Customers</label>
                    <source_model>Magento\Config\Model\Config\Source\Yesno</source_model>
                    <depends>
                        <field id="is_enabled">0</field>
                    </depends>
                </field>
                <field id="refund_automatically" translate="label" type="select" sortOrder="15" showInDefault="1" showInWebsite="0" showInStore="0">
                    <label>Refund Store Credit Automatically</label>
                    <source_model>Magento\Config\Model\Config\Source\Yesno</source_model>
                    <depends>
                        <field id="is_enabled">0</field>
                    </depends>
                </field>
                <field id="email_template" translate="label" type="text" sortOrder="30" showInDefault="1" showInWebsite="1" showInStore="1">
                    <label>Store Credit Update Email Template</label>
                    <depends>
                        <field id="is_enabled">0</field>
                    </depends>
                </field>
            </group>
        </section>
        <section id="carriers" translate="label" type="text" sortOrder="320" showInDefault="1" showInWebsite="1" showInStore="1">
            <group id="iwdstorepickup" translate="label" type="text" sortOrder="0" showInDefault="1" showInWebsite="1" showInStore="1">
                <label>IWD In-Store Pickup</label>
                <field id="active" translate="label" type="select" sortOrder="1" showInDefault="1" showInWebsite="1" showInStore="0">
                    <label>Enabled</label>
                    <source_model>Magento\Config\Model\Config\Source\Yesno</source_model>
                </field>
                <field id="title" translate="label" type="text" sortOrder="2" showInDefault="1" showInWebsite="1" showInStore="1">
                    <label>Title</label>
                </field>
                <field id="minimumorderamount" translate="label" type="text" sortOrder="3" showInDefault="1" showInWebsite="1" showInStore="0">
                    <label>Minimum Order Amount</label>
                    <validate>validate-number validate-zero-or-greater</validate>
                </field>
                <field id="specificerrmsg" translate="label" type="textarea" sortOrder="4" showInDefault="1" showInWebsite="1" showInStore="1">
                    <label>Displayed Error Message</label>
                </field>
                <field id="sallowspecific" translate="label" type="select" sortOrder="5" showInDefault="1" showInWebsite="1" showInStore="0">
                    <label>Ship to Applicable Countries</label>
                    <frontend_class>shipping-applicable-country</frontend_class>
                    <source_model>Magento\Shipping\Model\Config\Source\Allspecificcountries</source_model>
                </field>
                <field id="specificcountry" translate="label" type="multiselect" sortOrder="6" showInDefault="1" showInWebsite="1" showInStore="0">
                    <label>Ship to Specific Countries</label>
                    <source_model>Magento\Directory\Model\Config\Source\Country</source_model>
                    <can_be_empty>1</can_be_empty>
                </field>
                <field id="sort_order" translate="label" type="text" sortOrder="7" showInDefault="1" showInWebsite="1" showInStore="0">
                    <label>Sort Order</label>
                </field>
                <field id="stores" translate="label" type="text" sortOrder="8" showInDefault="1" showInWebsite="1" showInStore="1">
                    <label>Stores</label>
                </field>
            </group>
        </section>
    </system>
</config>