<?xml version="1.0"?>
<!--
/**
 * Copyright © 2015 Magento. All rights reserved.
 * See COPYING.txt for license details.
 */
-->
<config xmlns:xsi="http://www.w3.org/2001/XMLSchema-instance" xsi:noNamespaceSchemaLocation="urn:magento:framework:ObjectManager/etc/config.xsd">
    <virtualType name="Magento\Sales\Model\ResourceModel\Order\Grid">
        <arguments>
           
            <argument name="joins" xsi:type="array">
                <item name="billing_company" xsi:type="array">
                    <item name="table" xsi:type="string">customer_grid_flat</item>
                    <item name="origin_column" xsi:type="string">customer_id</item>
                    <item name="target_column" xsi:type="string">entity_id</item>
                </item>
            </argument> 
            <argument name="columns" xsi:type="array">
                <item name="company_name" xsi:type="string">billing_company.billing_company</item>
            </argument>
        </arguments>
    </virtualType>     
</config>