<?xml version="1.0"?>
<config xmlns:xsi="http://www.w3.org/2001/XMLSchema-instance" xsi:noNamespaceSchemaLocation="urn:magento:framework:ObjectManager/etc/config.xsd">

	<type name="Magento\Config\Model\Config">
        <plugin name="admin_system_config_save_plugin" type="IWD\Opc\Plugin\ConfigPlugin" sortOrder="1"/>
    </type>

    <type name="Magento\Checkout\Model\PaymentInformationManagement">
        <plugin name="save-comments" type="IWD\Opc\Model\Comment\Checkout\PaymentInformationManagementPlugin" sortOrder="10"/>
    </type>
    
    <type name="Magento\Checkout\Model\GuestPaymentInformationManagement">
        <plugin name="save-comments" type="IWD\Opc\Model\Comment\Checkout\GuestPaymentInformationManagementPlugin" sortOrder="10"/>
    </type>

    <preference for="Magento\Paypal\Model\Config" type="IWD\Opc\Model\Payments\Paypal\Config" />

</config>